"name","alt_names","operator","country","orbit_type","altitude_km","inclination_deg","period_min","mass_kg","launch_date","decommission_date","status","tir_sensors","all_sensors","sources","notes"
"ADEOS","[]","","","","797","98.6","100.7","3560","1996-08-17","1997-06-30","unknown","[""ILAS-I"", ""IMG"", ""OCTS""]","[]","[]",""
"ADEOS-2","[]","","","","803","98.6","100.8","3680","2002-12-14","2003-10-25","unknown","[""GLI"", ""ILAS-II""]","[]","[]",""
"ALOS-2","[]","","","","628","97.9","97.1","2117","2014-05-24","","historical","[""CIRC""]","[]","[]",""
"Aqua","[""EOS-PM-1""]","NASA","USA","SSO","705","98.2","99.0","2934","2002-05-04","","operational","[""AIRS"", ""CERES"", ""MODIS""]","[""MODIS"", ""AIRS"", ""CERES"", ""AMSR-E"", ""HSB"", ""AMSU-A""]","[""https://space.skyrocket.de/doc_sdat/aqua.htm""]",""
"Arctica-M N1","[]","","","","600","63.4","96.5","2100","2021-02-28","","operational","[""MSU-GS/A""]","[]","[]",""
"Arctica-M N2","[]","","","","600","63.4","96.5","2100","2023-12-16","","operational","[""MSU-GS/A""]","[]","[]",""
"Arctica-M N3","[]","","","","600","63.4","96.5","2100","2025-01-01","","operational","[""MSU-GS/A""]","[]","[]",""
"Arctica-M N4","[]","","","","600","63.4","96.5","2100","2027-01-01","","planned","[""MSU-GS/A""]","[]","[]",""
"ATS-6","[]","","","","35786","0.0","1435.7","1406","1974-05-30","1979-09-01","unknown","[""VHRR""]","[]","[]",""
"Aura","[""EOS-Chem-1""]","NASA","USA","SSO","705","98.2","99.0","2967","2004-07-15","","operational","[""HIRDLS"", ""TES-limb"", ""TES-nadir""]","[""MLS"", ""OMI"", ""HIRDLS"", ""TES""]","[""https://space.skyrocket.de/doc_sdat/aura.htm""]",""
"Blue Moon (SuperSharp)","[]","","","","500","97.4","94.5","150","2026-01-01","","operational","[""SuperSharp""]","[]","[]",""
"CALIPSO","[]","","","","705","98.2","98.7","581","2006-04-28","2023-08-01","unknown","[""IIR""]","[]","[]",""
"CBERS-2","[]","","","","778","98.5","100.3","1540","2003-10-21","2013-01-01","historical","[""IRMSS""]","[]","[]",""
"CBERS-4","[]","","","","778","98.5","100.3","1900","2014-12-07","","historical","[""IRMSS-2""]","[]","[]",""
"CBERS-4B","[]","","","","778","98.5","100.3","2000","2021-12-26","","historical","[""IRMSS-2""]","[]","[]",""
"Clarity-1 (Albedo)","[]","","","","300","45.0","90.4","100","2024-06-01","","operational","[""Clarity""]","[]","[]",""
"CLARREO-1A","[]","","","","609","90.0","96.7","600","2030-01-01","","unknown","[""IR spectrometer""]","[]","[]",""
"CLARREO-2A","[]","","","","609","90.0","96.7","600","2032-01-01","","unknown","[""IR spectrometer""]","[]","[]",""
"COMS","[]","","","","35786","0.0","1435.7","2461","2010-06-27","2020-04-01","unknown","[""MI""]","[]","[]",""
"DMSP-F01","[]","","","","830","98.5","101.4","450","1970-01-11","1972-01-01","unknown","[""SSH""]","[]","[]",""
"DMSP-F02","[]","","","","830","98.7","101.4","450","1971-05-17","1972-12-01","unknown","[""SSH""]","[]","[]",""
"DMSP-F03","[]","","","","830","98.7","101.4","450","1971-09-14","1973-03-01","unknown","[""SSH""]","[]","[]",""
"DMSP-F04","[]","","","","830","98.7","101.4","450","1972-02-07","1973-06-01","unknown","[""SSH""]","[]","[]",""
"DMSP-F16","[]","","","","850","98.9","101.8","1200","2003-10-18","","historical","[""OLS""]","[]","[]",""
"DMSP-F17","[]","","","","850","98.9","101.8","1200","2006-11-04","","historical","[""OLS""]","[]","[]",""
"DMSP-F18","[]","","","","850","98.9","101.8","1200","2009-10-18","","historical","[""OLS""]","[]","[]",""
"EarthCARE","[]","","","","393","97.2","92.3","2320","2024-05-29","","operational","[""MSI""]","[]","[]",""
"EarthDaily-1","[]","","","","491","97.4","94.3","110","2025-01-01","","operational","[""EarthDaily""]","[]","[]",""
"Electro-GOMS","[]","","","","35786","0.0","1435.7","2500","1994-10-31","1998-01-01","unknown","[""STR""]","[]","[]",""
"Electro-L N1","[]","","","","35786","0.1","1435.7","1622","2011-01-20","","historical","[""MSU-GS""]","[]","[]",""
"Electro-L N2","[]","","","","35786","0.1","1435.7","1760","2015-12-11","","historical","[""MSU-GS""]","[]","[]",""
"Electro-L N3","[]","","","","35786","0.1","1435.7","1760","2019-12-24","","operational","[""MSU-GS""]","[]","[]",""
"Electro-L N4","[]","","","","35786","0.1","1435.7","1760","2023-02-05","","operational","[""MSU-GS""]","[]","[]",""
"Electro-L N5","[]","","","","35786","0.1","1435.7","1760","2026-01-01","","operational","[""MSU-GS""]","[]","[]",""
"Electro-L N6","[]","","","","35786","0.1","1435.7","1760","2028-01-01","","planned","[""MSU-GS""]","[]","[]",""
"Electro-L N7","[]","","","","35786","0.1","1435.7","1760","2030-01-01","","planned","[""MSU-GS""]","[]","[]",""
"Electro-M N1-1","[]","","","","1000","63.4","105.0","2100","2027-01-01","","planned","[""IRFS-GS"", ""MSU-GSM""]","[]","[]",""
"Electro-M N1-2","[]","","","","1000","63.4","105.0","2100","2028-01-01","","planned","[""IRFS-GS"", ""MSU-GSM""]","[]","[]",""
"Envisat","[]","ESA","EU","SSO","800","98.5","100.6","8211","2002-03-01","2012-05-09","historical","[""AATSR"", ""MIPAS""]","[""AATSR"", ""MERIS"", ""ASAR"", ""GOMOS"", ""MIPAS"", ""SCIAMACHY"", ""RA-2"", ""MWR"", ""DORIS""]","[""https://space.skyrocket.de/doc_sdat/envisat.htm""]",""
"ER-2 / DC-8 Aircraft (NASA)","[]","","","","20","","","26000","1981-01-01","","operational","[""MASTER""]","[]","[]",""
"ER-2 Aircraft (NASA)","[]","","","","20","","","18600","1981-01-01","","operational","[""HyTES""]","[]","[]",""
"ERS-1","[]","ESA","EU","SSO","785","98.5","100.5","2384","1991-07-17","2000-03-10","historical","[""ATSR-1""]","[""ATSR"", ""AMI"", ""RA"", ""PRARE"", ""WIND""]","[""https://space.skyrocket.de/doc_sdat/ers-1.htm""]",""
"ERS-2","[]","ESA","EU","SSO","785","98.5","100.5","2516","1995-04-21","2011-09-05","historical","[""ATSR-2""]","[""ATSR-2"", ""AMI"", ""RA"", ""GOME""]","[""https://space.skyrocket.de/doc_sdat/ers-2.htm""]",""
"FireSat-1 (Muon Space)","[]","","","","525","97.5","95.0","70","2025-03-15","","operational","[""FireSat""]","[]","[]",""
"Forest-1","[]","","","","550","97.6","95.5","12","2022-01-13","","operational","[""Forest-1""]","[]","[]",""
"Forest-2","[]","","","","550","97.6","95.5","12","2023-04-03","","operational","[""Forest-2""]","[]","[]",""
"Forest-3","[]","","","","550","97.6","95.5","12","2023-11-11","","operational","[""Forest-3""]","[]","[]",""
"FORUM","[]","","","","320","97.0","90.8","680","2029-01-01","","planned","[""FSI""]","[]","[]",""
"FY-1A","[]","","","","901","99.0","102.9","750","1988-09-07","1988-10-16","unknown","[""MVISR""]","[]","[]",""
"FY-1B","[]","","","","901","99.0","102.9","750","1990-09-03","1991-09-03","unknown","[""MVISR""]","[]","[]",""
"FY-1C","[]","","","","870","98.8","102.2","952","1999-05-10","2004-07-14","unknown","[""MVISR""]","[]","[]",""
"FY-1D","[]","","","","870","98.8","102.2","952","2002-05-15","2012-04-19","unknown","[""MVISR""]","[]","[]",""
"FY-2G","[]","","","","35786","0.0","1435.7","1380","2014-12-31","","historical","[""S-VISSR""]","[]","[]",""
"FY-2H","[]","","","","35786","0.0","1435.7","1380","2018-06-05","","historical","[""S-VISSR""]","[]","[]",""
"FY-3A","[]","","","","836","98.8","101.5","2295","2008-05-27","2018-05-27","unknown","[""IRAS"", ""MERSI-1"", ""VIRR (FY-3)""]","[]","[]",""
"FY-3B","[]","","","","836","98.8","101.5","2295","2010-11-05","","unknown","[""IRAS"", ""MERSI-1"", ""VIRR (FY-3)""]","[]","[]",""
"FY-3C","[]","","","","836","98.8","101.5","2295","2013-09-23","","unknown","[""IRAS"", ""MERSI-1"", ""VIRR (FY-3)""]","[]","[]",""
"FY-3D","[]","","","","836","98.8","101.5","2295","2017-11-15","","historical","[""HIRAS"", ""MERSI-2""]","[]","[]",""
"FY-3E","[]","","","","836","98.75","101.5","2450","2021-07-05","","operational","[""HIRAS-2"", ""MERSI-LL""]","[]","[]",""
"FY-3F","[]","","","","836","98.75","101.5","2450","2023-08-03","","operational","[""HIRAS-2"", ""MERSI-3""]","[]","[]",""
"FY-3G","[]","","","","407","50.0","92.6","1800","2023-04-16","","operational","[""MERSI-RM""]","[]","[]",""
"FY-3H","[]","","","","836","98.75","101.5","2450","2025-01-01","","operational","[""HIRAS-2"", ""MERSI-3""]","[]","[]",""
"FY-3I","[]","","","","836","98.75","101.5","2450","2027-01-01","","operational","[""MERSI-RM""]","[]","[]",""
"FY-3J","[]","","","","836","98.75","101.5","2450","2029-01-01","","planned","[""HIRAS-2"", ""MERSI-LL""]","[]","[]",""
"FY-4A","[]","","","","35786","0.0","1435.7","5400","2016-12-11","","historical","[""AGRI"", ""GIIRS""]","[]","[]",""
"FY-4B","[]","","","","35786","0.0","1435.7","5400","2021-06-03","","operational","[""AGRI"", ""GHI"", ""GIIRS-2""]","[]","[]",""
"FY-4C","[]","","","","35786","0.0","1435.7","5400","2024-01-01","","operational","[""AGRI""]","[]","[]",""
"FY-4D","[]","","","","35786","0.0","1435.7","5400","2028-01-01","","operational","[""AGRI"", ""GIIRS-2""]","[]","[]",""
"FY-4E","[]","","","","35786","0.0","1435.7","5400","2032-01-01","","planned","[""AGRI"", ""GIIRS-2""]","[]","[]",""
"GCOM-C","[]","","","","798","98.6","100.7","1982","2017-12-23","","historical","[""SGLI""]","[]","[]",""
"GEO-KOMPSAT-2A","[""GK2A""]","KMA","South Korea","GEO","35786","0.0","1436.0","3507","2018-12-04","","operational","[""AMI (GK2A)""]","[""AMI (GK2A)"", ""GEMS""]","[""https://www.eoportal.org/satellite-missions/geo-kompsat-2""]",""
"GeoXO Central","[]","","","","35786","0.0","1435.7","6000","2034-01-01","","planned","[""GXS""]","[]","[]",""
"GeoXO East","[]","","","","35786","0.0","1435.7","6000","2032-01-01","","unknown","[""GXI""]","[]","[]",""
"GeoXO West","[]","","","","35786","0.0","1435.7","6000","2036-01-01","","unknown","[""GXI""]","[]","[]",""
"GF-13","[]","","","","35786","0.0","1435.7","4500","2020-10-12","","operational","[""GF-4/13 imager""]","[]","[]",""
"GF-13-02","[]","","","","35786","0.0","1435.7","4500","2023-04-16","","operational","[""GF-4/13 imager""]","[]","[]",""
"GF-4","[]","","","","35786","0.0","1435.7","4600","2015-12-29","","historical","[""GF-4/13 imager""]","[]","[]",""
"GF-5","[]","CNSA","China","SSO","705","98.2","98.7","2850","2018-05-09","","historical","[""VIMS""]","[""VIMS"", ""AHSI"", ""DPC"", ""GMI""]","[]",""
"GF-5-01A","[]","CNSA","China","SSO","705","98.2","98.7","2900","2023-03-17","","operational","[""VIMS""]","[""VIMS"", ""AHSI""]","[]",""
"GF-5-02","[]","CNSA","China","SSO","705","98.2","98.7","2600","2021-09-07","","operational","[""VIMS""]","[""VIMS"", ""AHSI"", ""DPC""]","[]",""
"GISAT-1R","[]","","","","35786","0.1","1435.7","2268","2025-01-01","","operational","[""MX-LWIR""]","[]","[]",""
"GOES-10","[]","","","","35786","0.0","1435.7","2190","1997-04-25","2009-12-02","unknown","[""IMAGER-1 (GEOS)""]","[]","[]",""
"GOES-10 (S-America)","[]","","","","35786","0.0","1435.7","2190","1997-04-25","2009-12-02","unknown","[""IMAGER-1 (GEOS)""]","[]","[]",""
"GOES-11","[]","","","","35786","0.0","1435.7","2190","2000-05-03","2011-12-06","unknown","[""IMAGER-1 (GEOS)""]","[]","[]",""
"GOES-14","[]","","","","35786","0.0","1435.7","3210","2009-06-27","","operational","[""IMAGER-2 (GEOS)"", ""SOUNDER (GOES)""]","[]","[]",""
"GOES-16","[""GOES-R""]","NOAA","USA","GEO","35786","0","1436","5192","2016-11-19","","operational","[""ABI""]","[""ABI"", ""SUVI"", ""EXIS"", ""SEISS"", ""MAGN"", ""GLM""]","[""https://space.skyrocket.de/doc_sdat/goes-16.htm""]",""
"GOES-17","[""GOES-S""]","NOAA","USA","GEO","35786","0","1436","5192","2018-03-01","2023-01-10","historical","[""ABI""]","[""ABI"", ""SUVI"", ""EXIS"", ""SEISS"", ""MAGN"", ""GLM""]","[""https://space.skyrocket.de/doc_sdat/goes-17.htm""]",""
"GOES-18","[""GOES-T""]","NOAA","USA","GEO","35786","0","1436","5192","2022-03-01","","operational","[""ABI""]","[""ABI"", ""SUVI"", ""EXIS"", ""SEISS"", ""MAGN"", ""GLM""]","[""https://space.skyrocket.de/doc_sdat/goes-18.htm""]",""
"GOES-19","[]","","","","35786","0.0","1435.7","5192","2024-06-25","","operational","[""ABI""]","[]","[]",""
"GOES-4","[]","","","","35786","0.0","1435.7","627","1980-09-09","1988-11-01","unknown","[""VAS""]","[]","[]",""
"GOES-5","[]","","","","35786","0.0","1435.7","627","1981-05-22","1990-07-01","unknown","[""VAS""]","[]","[]",""
"GOES-6","[]","","","","35786","0.0","1435.7","627","1983-04-28","1992-01-21","unknown","[""VAS""]","[]","[]",""
"GOES-7","[]","","","","35786","0.0","1435.7","627","1987-02-26","1996-08-01","unknown","[""VAS""]","[]","[]",""
"GOES-8","[]","NOAA","USA","GEO","35790","0","1436","2099","1994-04-13","2004-03-11","historical","[""IMAGER-1 (GEOS)""]","[""GOES Imager"", ""GOES Sounder""]","[""https://space.skyrocket.de/doc_sdat/goes-8.htm""]",""
"GOES-9","[]","","","","35786","0.0","1435.7","2190","1995-05-23","2007-07-11","unknown","[""IMAGER-1 (GEOS)""]","[]","[]",""
"GOES-9 (GMS backup)","[]","","","","35786","0.0","1435.7","2190","1995-05-23","2007-07-11","unknown","[""IMAGER-1 (GEOS)""]","[]","[]",""
"GOSAT","[]","","","","666","98.1","97.9","1750","2009-01-23","","historical","[""TANSO-FTS""]","[]","[]",""
"GOSAT-2","[]","","","","613","97.8","96.8","1750","2018-10-29","","historical","[""TANSO-FTS/2""]","[]","[]",""
"GOSAT-GW","[]","","","","666","98.1","97.9","2000","2026-01-01","","operational","[""TANSO-3""]","[]","[]",""
"HCMM","[""Heat Capacity Mapping Mission""]","NASA","USA","SSO","620","97.6","97.4","124","1978-04-26","1980-09-30","historical","[""HCMR""]","[""HCMR""]","[""https://space.skyrocket.de/doc_sdat/hcmm.htm""]",""
"Himawari-10","[]","","","","35786","0.0","1435.7","3700","2028-01-01","","planned","[""GHMI"", ""GHMS""]","[]","[]",""
"Himawari-5 (GMS-5)","[]","","","","35786","0.0","1435.7","770","1995-03-18","2003-07-22","unknown","[""VISSR""]","[]","[]",""
"Himawari-6 (MTSAT-1R)","[]","","","","35786","0.0","1435.7","3230","2005-02-26","2015-12-04","unknown","[""JAMI""]","[]","[]",""
"Himawari-7 (MTSAT-2)","[]","","","","35786","0.0","1435.7","3230","2006-02-18","2020-03-04","unknown","[""IMAGER (MTSAT)""]","[]","[]",""
"Himawari-8","[]","JMA","Japan","GEO","35786","0","1436","3500","2014-10-07","","operational","[""AHI""]","[""AHI""]","[""https://space.skyrocket.de/doc_sdat/himawari-8.htm""]",""
"Himawari-9","[]","JMA","Japan","GEO","35786","0","1436","3500","2016-11-02","","operational","[""AHI""]","[""AHI""]","[""https://space.skyrocket.de/doc_sdat/himawari-9.htm""]",""
"HJ-1B","[]","","","","649","97.9","97.6","890","2008-09-06","","historical","[""IRMSS (HJ)""]","[]","[]",""
"HJ-2A","[]","","","","646","97.9","97.5","1000","2020-09-27","","historical","[""IRMSS-2 (HJ)""]","[]","[]",""
"HJ-2B","[]","","","","646","97.9","97.5","1000","2020-09-27","","historical","[""IRMSS-2 (HJ)""]","[]","[]",""
"HotSat-1","[]","","","","525","97.4","95.0","32","2023-06-12","","historical","[""HotSat Imager""]","[]","[]",""
"HotSat-2","[]","","","","525","97.4","95.0","32","2025-01-01","","operational","[""HotSat Imager""]","[]","[]",""
"HotSat-3","[]","","","","525","97.4","95.0","32","2026-01-01","","operational","[""HotSat Imager""]","[]","[]",""
"HRSAT-1A","[]","","","","500","97.4","94.5","50","2024-01-01","","operational","[""HRSAT-1""]","[]","[]",""
"HRSAT-1B","[]","","","","500","97.4","94.5","50","2024-01-01","","operational","[""HRSAT-1""]","[]","[]",""
"HY-1C","[]","","","","780","98.6","100.3","890","2018-09-07","","historical","[""COCTS""]","[]","[]",""
"HY-1D","[]","","","","780","98.6","100.3","890","2020-06-11","","operational","[""COCTS""]","[]","[]",""
"INSAT-1A","[]","","","","35786","0.1","1435.7","1152","1982-04-10","1982-09-04","unknown","[""VHRR (INSAT)""]","[]","[]",""
"INSAT-1B","[]","","","","35786","0.1","1435.7","1152","1983-08-30","1993-07-22","unknown","[""VHRR (INSAT)""]","[]","[]",""
"INSAT-1C","[]","","","","35786","0.1","1435.7","1244","1988-07-21","1989-11-07","unknown","[""VHRR (INSAT)""]","[]","[]",""
"INSAT-1D","[]","","","","35786","0.1","1435.7","1244","1990-06-12","2002-01-01","unknown","[""VHRR (INSAT)""]","[]","[]",""
"INSAT-2A","[]","","","","35786","0.1","1435.7","1906","1992-07-10","2011-10-01","unknown","[""VHRR (INSAT)""]","[]","[]",""
"INSAT-2B","[]","","","","35786","0.1","1435.7","1906","1993-07-22","2011-10-01","unknown","[""VHRR (INSAT)""]","[]","[]",""
"INSAT-2D","[]","","","","35786","0.1","1435.7","1906","1997-06-04","1997-10-04","unknown","[""VHRR (INSAT)""]","[]","[]",""
"INSAT-2E","[]","","","","35786","0.1","1435.7","2550","1999-04-03","2011-10-01","unknown","[""VHRR (INSAT)""]","[]","[]",""
"INSAT-3A","[]","","","","35786","0.1","1435.7","2950","2003-04-10","","unknown","[""VHRR (INSAT)""]","[]","[]",""
"INSAT-3D","[]","","","","35786","0.1","1435.7","2060","2013-07-26","","unknown","[""IMAGER (INSAT)""]","[]","[]",""
"INSAT-3DR","[]","","","","35786","0.1","1435.7","2211","2016-09-08","","operational","[""IMAGER (INSAT)"", ""SOUNDER (INSAT)""]","[]","[]",""
"INSAT-3DS","[]","","","","35786","0.1","1435.7","2274","2024-02-17","","operational","[""IMAGER (INSAT)"", ""SOUNDER (INSAT)""]","[]","[]",""
"ISS","[""International Space Station""]","NASA/ESA/Roscosmos/JAXA/CSA","International","ISS","400","51.6","92.0","420000","1998-11-20","","operational","[""ECOSTRESS""]","[""ECOSTRESS"", ""EMIT"", ""OCO-3""]","[""https://space.skyrocket.de/doc_sdat/iss.htm""]",""
"ITOS-1 (TIROS-M)","[]","","","","1460","101.9","114.9","285","1970-01-23","1971-09-01","unknown","[""SR""]","[]","[]",""
"JPSS-3","[]","","","","833","98.7","101.4","2230","2027-01-01","","planned","[""CrIS"", ""VIIRS""]","[]","[]",""
"JPSS-3 (NOAA-22)","[""NOAA-22""]","NOAA","USA","SSO","833","98.7","101.5","2230","2027-01-01","","planned","[""VIIRS (JPSS-3)""]","[""VIIRS"", ""CrIS"", ""ATMS"", ""OMPS"", ""CERES""]","[""https://space.skyrocket.de/doc_sdat/jpss-3-(noaa-22).htm""]",""
"JPSS-4","[]","","","","833","98.7","101.4","2230","2031-01-01","","planned","[""CrIS"", ""VIIRS""]","[]","[]",""
"Kalpana-1","[]","","","","35786","0.1","1435.7","1060","2002-09-12","2016-01-01","unknown","[""VHRR (INSAT)""]","[]","[]",""
"KANOPUS-V-IK-1","[]","","","","500","97.5","94.5","400","2017-07-14","","historical","[""MSU-IK-SR""]","[]","[]",""
"KOMPSAT-3A","[]","","","","528","97.5","95.0","800","2015-03-26","","historical","[""IIP""]","[]","[]",""
"Landsat-10","[]","NASA/USGS","USA","SSO","705","98.2","99.0","2750","2030-01-01","","planned","[""Landsat-Next""]","[""Landsat-Next TIR"", ""Landsat-Next OLI""]","[""https://space.skyrocket.de/doc_sdat/landsat-10.htm""]",""
"Landsat-11","[]","NASA/USGS","USA","SSO","705","98.2","99.0","2750","2031-01-01","","planned","[""Landsat-Next""]","[""Landsat-Next TIR""]","[""https://space.skyrocket.de/doc_sdat/landsat-11.htm""]",""
"Landsat-12","[]","NASA/USGS","USA","SSO","705","98.2","99.0","2750","2032-01-01","","planned","[""Landsat-Next""]","[""Landsat-Next TIR""]","[""https://space.skyrocket.de/doc_sdat/landsat-12.htm""]",""
"Landsat-4","[]","NASA/USGS","USA","SSO","705","98.2","99.0","1941","1982-07-16","2001-06-15","historical","[""TM""]","[""TM"", ""MSS""]","[""https://space.skyrocket.de/doc_sdat/landsat-4.htm""]",""
"Landsat-5","[]","NASA/USGS","USA","SSO","705","98.2","99.0","1944","1984-03-01","2013-06-05","historical","[""TM""]","[""TM"", ""MSS""]","[""https://space.skyrocket.de/doc_sdat/landsat-5.htm""]",""
"Landsat-6","[]","NASA/USGS","USA","SSO","705","98.2","98.7","1740","1993-10-05","1993-10-05","historical","[""ETM""]","[""ETM""]","[""https://space.skyrocket.de/doc_sdat/landsat-6.htm""]",""
"Landsat-7","[]","NASA/USGS","USA","SSO","705","98.2","98.9","2200","1999-04-15","2022-04-06","historical","[""ETM+""]","[""ETM+""]","[""https://space.skyrocket.de/doc_sdat/landsat-7.htm""]",""
"Landsat-8","[""LDCM""]","NASA/USGS","USA","SSO","705","98.2","99.0","2623","2013-02-11","","operational","[""TIRS""]","[""OLI"", ""TIRS""]","[""https://space.skyrocket.de/doc_sdat/landsat-8.htm""]",""
"Landsat-9","[]","NASA/USGS","USA","SSO","705","98.2","99.0","2750","2021-09-27","","operational","[""TIRS""]","[""OLI-2"", ""TIRS-2""]","[""https://space.skyrocket.de/doc_sdat/landsat-9.htm""]",""
"LSTM-A","[]","ESA/Copernicus","EU","SSO","651","97.9","97.4","1500","2028-01-01","","planned","[""LSTM""]","[""LSTM""]","[""https://space.skyrocket.de/doc_sdat/lstm-a.htm""]",""
"LSTM-B","[]","ESA/Copernicus","EU","SSO","651","97.9","97.4","1500","2029-01-01","","planned","[""LSTM""]","[""LSTM""]","[""https://space.skyrocket.de/doc_sdat/lstm-b.htm""]",""
"Meteor-1-1","[]","","","","900","81.2","102.8","800","1969-03-26","1972-01-01","unknown","[""IR (Meteor-1)""]","[]","[]",""
"Meteor-1-10","[]","","","","900","81.2","102.8","800","1973-04-05","1976-01-01","unknown","[""IR (Meteor-1)""]","[]","[]",""
"Meteor-1-11","[]","","","","900","81.2","102.8","800","1973-07-20","1976-01-01","unknown","[""IR (Meteor-1)""]","[]","[]",""
"Meteor-1-12","[]","","","","900","81.2","102.8","800","1973-12-20","1977-01-01","unknown","[""IR (Meteor-1)""]","[]","[]",""
"Meteor-1-13","[]","","","","900","81.2","102.8","800","1974-03-28","1977-01-01","unknown","[""IR (Meteor-1)""]","[]","[]",""
"Meteor-1-14","[]","","","","900","81.2","102.8","800","1974-07-09","1977-01-01","unknown","[""IR (Meteor-1)""]","[]","[]",""
"Meteor-1-15","[]","","","","900","81.2","102.8","800","1974-12-09","1978-01-01","unknown","[""IR (Meteor-1)""]","[]","[]",""
"Meteor-1-16","[]","","","","900","81.2","102.8","800","1975-04-17","1978-01-01","unknown","[""IR (Meteor-1)""]","[]","[]",""
"Meteor-1-17","[]","","","","900","81.2","102.8","800","1975-12-03","1978-01-01","unknown","[""IR (Meteor-1)""]","[]","[]",""
"Meteor-1-19","[]","","","","900","81.2","102.8","800","1976-06-15","1979-01-01","unknown","[""IR (Meteor-1)""]","[]","[]",""
"Meteor-1-2","[]","","","","900","81.2","102.8","800","1969-10-06","1972-01-01","unknown","[""IR (Meteor-1)""]","[]","[]",""
"Meteor-1-20","[]","","","","900","81.2","102.8","800","1976-10-01","1979-01-01","unknown","[""IR (Meteor-1)""]","[]","[]",""
"Meteor-1-21","[]","","","","900","81.2","102.8","800","1977-01-05","1980-01-01","unknown","[""IR (Meteor-1)""]","[]","[]",""
"Meteor-1-22","[]","","","","900","81.2","102.8","800","1977-03-25","1980-01-01","unknown","[""IR (Meteor-1)""]","[]","[]",""
"Meteor-1-23","[]","","","","900","81.2","102.8","800","1977-06-10","1980-01-01","unknown","[""IR (Meteor-1)""]","[]","[]",""
"Meteor-1-24","[]","","","","900","81.2","102.8","800","1977-09-23","1980-01-01","unknown","[""IR (Meteor-1)""]","[]","[]",""
"Meteor-1-26","[]","","","","900","81.2","102.8","800","1978-06-23","1981-01-01","unknown","[""IR (Meteor-1)""]","[]","[]",""
"Meteor-1-27","[]","","","","900","81.2","102.8","800","1979-06-13","1982-01-01","unknown","[""IR (Meteor-1)""]","[]","[]",""
"Meteor-1-3","[]","","","","900","81.2","102.8","800","1970-06-17","1973-01-01","unknown","[""IR (Meteor-1)""]","[]","[]",""
"Meteor-1-4","[]","","","","900","81.2","102.8","800","1970-10-28","1973-01-01","unknown","[""IR (Meteor-1)""]","[]","[]",""
"Meteor-1-5","[]","","","","900","81.2","102.8","800","1971-04-20","1974-01-01","unknown","[""IR (Meteor-1)""]","[]","[]",""
"Meteor-1-6","[]","","","","900","81.2","102.8","800","1971-07-16","1974-01-01","unknown","[""IR (Meteor-1)""]","[]","[]",""
"Meteor-1-7","[]","","","","900","81.2","102.8","800","1971-12-29","1975-01-01","unknown","[""IR (Meteor-1)""]","[]","[]",""
"Meteor-1-8","[]","","","","900","81.2","102.8","800","1972-04-30","1975-01-01","unknown","[""IR (Meteor-1)""]","[]","[]",""
"Meteor-1-9","[]","","","","900","81.2","102.8","800","1972-07-30","1975-01-01","unknown","[""IR (Meteor-1)""]","[]","[]",""
"Meteor-2-1","[]","","","","900","81.2","102.8","900","1975-07-11","1978-01-01","unknown","[""IR (Meteor-2)"", ""SM (Meteor-2)""]","[]","[]",""
"Meteor-2-10","[]","","","","900","81.2","102.8","900","1981-12-14","1985-01-01","unknown","[""IR (Meteor-2)"", ""SM (Meteor-2)""]","[]","[]",""
"Meteor-2-11","[]","","","","900","81.2","102.8","900","1982-06-25","1986-01-01","unknown","[""IR (Meteor-2)"", ""SM (Meteor-2)""]","[]","[]",""
"Meteor-2-12","[]","","","","900","81.2","102.8","900","1983-02-03","1987-01-01","unknown","[""IR (Meteor-2)"", ""SM (Meteor-2)""]","[]","[]",""
"Meteor-2-13","[]","","","","900","81.2","102.8","900","1983-10-27","1987-01-01","unknown","[""IR (Meteor-2)"", ""SM (Meteor-2)""]","[]","[]",""
"Meteor-2-14","[]","","","","900","81.2","102.8","900","1984-07-25","1988-01-01","unknown","[""IR (Meteor-2)"", ""SM (Meteor-2)""]","[]","[]",""
"Meteor-2-15","[]","","","","900","81.2","102.8","900","1984-10-29","1988-01-01","unknown","[""IR (Meteor-2)"", ""SM (Meteor-2)""]","[]","[]",""
"Meteor-2-16","[]","","","","900","81.2","102.8","900","1985-07-16","1989-01-01","unknown","[""IR (Meteor-2)"", ""SM (Meteor-2)""]","[]","[]",""
"Meteor-2-17","[]","","","","900","81.2","102.8","900","1986-04-09","1990-01-01","unknown","[""IR (Meteor-2)"", ""SM (Meteor-2)""]","[]","[]",""
"Meteor-2-18","[]","","","","900","81.2","102.8","900","1987-07-24","1991-01-01","unknown","[""IR (Meteor-2)"", ""SM (Meteor-2)""]","[]","[]",""
"Meteor-2-19","[]","","","","900","81.2","102.8","900","1988-07-28","1992-01-01","unknown","[""IR (Meteor-2)"", ""SM (Meteor-2)""]","[]","[]",""
"Meteor-2-2","[]","","","","900","81.2","102.8","900","1976-08-17","1979-01-01","unknown","[""IR (Meteor-2)"", ""SM (Meteor-2)""]","[]","[]",""
"Meteor-2-20","[]","","","","900","81.2","102.8","900","1989-10-11","1993-01-01","unknown","[""IR (Meteor-2)"", ""SM (Meteor-2)""]","[]","[]",""
"Meteor-2-21","[]","","","","900","81.2","102.8","900","1990-11-16","1994-01-01","unknown","[""IR (Meteor-2)"", ""SM (Meteor-2)""]","[]","[]",""
"Meteor-2-3","[]","","","","900","81.2","102.8","900","1977-07-15","1980-01-01","unknown","[""IR (Meteor-2)"", ""SM (Meteor-2)""]","[]","[]",""
"Meteor-2-4","[]","","","","900","81.2","102.8","900","1978-01-30","1981-01-01","unknown","[""IR (Meteor-2)"", ""SM (Meteor-2)""]","[]","[]",""
"Meteor-2-5","[]","","","","900","81.2","102.8","900","1979-03-15","1982-01-01","unknown","[""IR (Meteor-2)"", ""SM (Meteor-2)""]","[]","[]",""
"Meteor-2-6","[]","","","","900","81.2","102.8","900","1979-07-27","1982-01-01","unknown","[""IR (Meteor-2)"", ""SM (Meteor-2)""]","[]","[]",""
"Meteor-2-7","[]","","","","900","81.2","102.8","900","1980-05-09","1983-01-01","unknown","[""IR (Meteor-2)"", ""SM (Meteor-2)""]","[]","[]",""
"Meteor-2-8","[]","","","","900","81.2","102.8","900","1980-10-31","1984-01-01","unknown","[""IR (Meteor-2)"", ""SM (Meteor-2)""]","[]","[]",""
"Meteor-2-9","[]","","","","900","81.2","102.8","900","1981-07-10","1984-01-01","unknown","[""IR (Meteor-2)"", ""SM (Meteor-2)""]","[]","[]",""
"Meteor-3-1","[]","","","","1200","82.6","109.3","1000","1984-10-24","1987-01-01","unknown","[""Klimat"", ""SM (Meteor-3)""]","[]","[]",""
"Meteor-3-2","[]","","","","1200","82.6","109.3","1000","1985-07-26","1988-01-01","unknown","[""Klimat"", ""SM (Meteor-3)""]","[]","[]",""
"Meteor-3-3","[]","","","","1200","82.6","109.3","1000","1988-10-26","1992-01-01","unknown","[""Klimat"", ""SM (Meteor-3)""]","[]","[]",""
"Meteor-3-4","[]","","","","1200","82.6","109.3","1000","1989-05-24","1993-01-01","unknown","[""Klimat"", ""SM (Meteor-3)""]","[]","[]",""
"Meteor-3-5","[]","","","","1200","82.6","109.3","1000","1991-08-15","1995-01-01","unknown","[""Klimat"", ""SM (Meteor-3)""]","[]","[]",""
"Meteor-3-6","[]","","","","1200","82.6","109.3","1000","1994-01-25","1998-01-01","unknown","[""Klimat"", ""SM (Meteor-3)""]","[]","[]",""
"Meteor-3M","[]","","","","1000","99.6","105.0","2540","2001-12-10","2006-01-01","unknown","[""Klimat""]","[]","[]",""
"Meteor-M N2-2","[]","","","","830","98.7","101.4","2900","2019-07-05","","historical","[""MSU-MR""]","[]","[]",""
"Meteor-M N2-3","[]","","","","830","98.7","101.4","2900","2021-07-01","","operational","[""IKFS-2"", ""MSU-MR""]","[]","[]",""
"Meteor-M N2-4","[]","","","","830","98.7","101.4","2900","2023-02-28","","operational","[""IKFS-2"", ""MSU-MR""]","[]","[]",""
"Meteor-M N2-5","[]","","","","830","98.7","101.4","2900","2025-01-01","","operational","[""IKFS-2"", ""MSU-MR""]","[]","[]",""
"Meteor-M N2-6","[]","","","","830","98.7","101.4","2900","2027-01-01","","operational","[""IKFS-2"", ""MSU-MR""]","[]","[]",""
"Meteor-MP N1","[]","","","","830","98.7","101.4","3000","2028-01-01","","planned","[""IKFS-3"", ""MSU-MR-MP""]","[]","[]",""
"Meteor-MP N2","[]","","","","830","98.7","101.4","3000","2030-01-01","","planned","[""IKFS-3"", ""MSU-MR-MP""]","[]","[]",""
"Meteor-P1","[]","","","","630","65.0","97.2","1500","1964-08-28","1965-06-01","unknown","[""IR (Meteor-1)""]","[]","[]",""
"Meteor-P2","[]","","","","630","65.0","97.2","1500","1965-02-26","1966-03-01","unknown","[""IR (Meteor-1)"", ""SI-1""]","[]","[]",""
"Meteor-P3","[]","","","","630","65.0","97.2","1500","1965-12-17","1967-03-01","unknown","[""SI-1""]","[]","[]",""
"Meteor-P4","[]","","","","630","65.0","97.2","1500","1966-05-11","1967-12-01","unknown","[""SI-1""]","[]","[]",""
"Meteosat-1","[]","","","","35786","0.0","1435.7","297","1977-11-23","1979-11-25","unknown","[""MVIRI""]","[]","[]",""
"Meteosat-10","[""MSG-3""]","EUMETSAT","EU","GEO","35786","0","1436","2040","2012-07-05","","operational","[""SEVIRI""]","[""SEVIRI"", ""GERB""]","[""https://space.skyrocket.de/doc_sdat/meteosat-10.htm""]",""
"Meteosat-11","[""MSG-4""]","EUMETSAT","EU","GEO","35786","0","1436","2040","2015-07-15","","operational","[""SEVIRI""]","[""SEVIRI"", ""GERB""]","[""https://space.skyrocket.de/doc_sdat/meteosat-11.htm""]",""
"Meteosat-2","[]","","","","35786","0.0","1435.7","297","1981-06-19","1991-11-11","unknown","[""MVIRI""]","[]","[]",""
"Meteosat-3","[]","","","","35786","0.0","1435.7","305","1988-06-15","1995-03-31","unknown","[""MVIRI""]","[]","[]",""
"Meteosat-3 (ADC)","[]","","","","35786","0.0","1435.7","305","1988-06-15","1995-03-31","unknown","[""MVIRI""]","[]","[]",""
"Meteosat-3 (X-ADC)","[]","","","","35786","0.0","1435.7","305","1988-06-15","1995-03-31","unknown","[""MVIRI""]","[]","[]",""
"Meteosat-4","[]","","","","35786","0.0","1435.7","320","1989-03-06","1995-11-06","unknown","[""MVIRI""]","[]","[]",""
"Meteosat-5","[]","","","","35786","0.0","1435.7","320","1991-03-02","2007-04-16","unknown","[""MVIRI""]","[]","[]",""
"Meteosat-5 (IODC)","[]","","","","35786","0.0","1435.7","320","1991-03-02","2007-04-16","unknown","[""MVIRI""]","[]","[]",""
"Meteosat-6","[]","","","","35786","0.0","1435.7","320","1993-11-20","2011-04-01","unknown","[""MVIRI""]","[]","[]",""
"Meteosat-6 (IODC)","[]","","","","35786","0.0","1435.7","320","1993-11-20","2011-04-01","unknown","[""MVIRI""]","[]","[]",""
"Meteosat-7","[]","","","","35786","0.0","1435.7","701","1997-09-02","2017-04-01","unknown","[""MVIRI""]","[]","[]",""
"Meteosat-7 (IODC)","[]","","","","35786","0.0","1435.7","701","1997-09-02","2017-04-01","unknown","[""MVIRI""]","[]","[]",""
"Meteosat-9 (IODC)","[]","","","","35786","0.0","1435.7","2040","2005-07-21","","operational","[""SEVIRI""]","[]","[]",""
"Metop-B","[]","EUMETSAT/ESA","EU","SSO","817","98.7","101.4","4085","2012-09-17","","operational","[""AVHRR/3"", ""IASI""]","[""AVHRR/3"", ""IASI"", ""MHS"", ""AMSU-A"", ""GOME-2"", ""ASCAT"", ""SEM-2""]","[""https://space.skyrocket.de/doc_sdat/metop-b.htm""]",""
"Metop-C","[]","EUMETSAT/ESA","EU","SSO","817","98.7","101.4","4085","2018-11-07","","operational","[""AVHRR/3"", ""IASI""]","[""AVHRR/3"", ""IASI"", ""MHS"", ""AMSU-A"", ""GOME-2"", ""ASCAT"", ""SEM-2""]","[""https://space.skyrocket.de/doc_sdat/metop-c.htm""]",""
"Metop-SG-A1","[]","","","","817","98.7","101.1","4600","2025-01-01","","operational","[""IASI-NG"", ""METimage""]","[]","[]",""
"Metop-SG-A2","[]","","","","817","98.7","101.1","4600","2031-01-01","","planned","[""IASI-NG"", ""METimage""]","[]","[]",""
"Metop-SG-A3","[]","","","","817","98.7","101.1","4600","2037-01-01","","planned","[""IASI-NG"", ""METimage""]","[]","[]",""
"MOS-1","[]","","","","909","99.1","103.0","740","1987-02-19","1995-03-01","unknown","[""VTIR""]","[]","[]",""
"MOS-1B","[]","","","","909","99.1","103.0","740","1990-02-07","1996-03-01","unknown","[""VTIR""]","[]","[]",""
"MTG-I1","[]","EUMETSAT","EU","GEO","35786","0","1436","3400","2022-12-13","","operational","[""FCI""]","[""FCI"", ""LI""]","[""https://space.skyrocket.de/doc_sdat/mtg-i1.htm""]",""
"MTG-I2","[]","","","","35786","0.0","1435.7","3400","2027-01-01","","operational","[""FCI""]","[]","[]",""
"MTG-I3","[]","","","","35786","0.0","1435.7","3400","2032-01-01","","planned","[""FCI""]","[]","[]",""
"MTG-I4","[]","","","","35786","0.0","1435.7","3400","2037-01-01","","planned","[""FCI""]","[]","[]",""
"MTG-S1","[]","","","","35786","0.0","1435.7","3400","2026-01-01","","operational","[""IRS""]","[]","[]",""
"MTG-S2","[]","","","","35786","0.0","1435.7","3400","2031-01-01","","planned","[""IRS""]","[]","[]",""
"Nimbus-1","[]","NASA","USA","SSO","938","98.7","98.6","376","1964-08-28","1964-09-22","historical","[""HRIR""]","[""HRIR"", ""AVCS"", ""APT""]","[""https://space.skyrocket.de/doc_sdat/nimbus-1.htm""]",""
"Nimbus-2","[]","NASA","USA","SSO","1131","100.5","108.2","413","1966-05-15","1969-01-17","historical","[""HRIR""]","[""HRIR"", ""MRIR"", ""AVCS"", ""APT""]","[""https://space.skyrocket.de/doc_sdat/nimbus-2.htm""]",""
"Nimbus-3","[]","NASA","USA","SSO","1077","99.9","107.4","572","1969-04-14","1972-01-22","historical","[""HRIR"", ""IRIS-B"", ""SIRS-A""]","[""HRIR"", ""MRIR"", ""IRIS-B"", ""SIRS-A"", ""IDCS""]","[""https://space.skyrocket.de/doc_sdat/nimbus-3.htm""]",""
"Nimbus-4","[]","NASA","USA","SSO","1100","99.9","107.1","623","1970-04-08","1980-09-30","historical","[""FWS"", ""IRIS-D"", ""SCR (Nimbus-4)"", ""SIRS-B"", ""THIR""]","[""THIR"", ""IRIS-D"", ""ITPR"", ""SCR"", ""FWS""]","[""https://space.skyrocket.de/doc_sdat/nimbus-4.htm""]",""
"Nimbus-5","[]","NASA","USA","SSO","1103","99.9","107.3","768","1972-12-11","1983-03-29","historical","[""ITPR"", ""SCMR"", ""SCR (Nimbus-5)"", ""THIR""]","[""THIR"", ""ESMR"", ""SCR"", ""NEMS"", ""ITPR"", ""ERB""]","[""https://space.skyrocket.de/doc_sdat/nimbus-5.htm""]",""
"Nimbus-6","[]","NASA","USA","SSO","1100","100.0","107.2","831","1975-06-12","1983-03-29","historical","[""HIRS"", ""LRIR"", ""PMR"", ""THIR""]","[""THIR"", ""ERB"", ""ESMR"", ""LRIR"", ""PMR""]","[""https://space.skyrocket.de/doc_sdat/nimbus-6.htm""]",""
"Nimbus-7","[]","NASA","USA","SSO","955","99.1","104.2","1008","1978-10-24","1994-04-05","historical","[""LIMS"", ""SAMS"", ""THIR""]","[""THIR"", ""CZCS"", ""SMMR"", ""LIMS"", ""SAM-II"", ""ERB""]","[""https://space.skyrocket.de/doc_sdat/nimbus-7.htm""]",""
"NOAA-1","[]","","","","1459","101.9","114.9","296","1970-12-11","1971-07-16","unknown","[""SR""]","[]","[]",""
"NOAA-10","[]","","","","833","98.6","101.4","748","1986-09-17","1991-09-17","unknown","[""AVHRR"", ""HIRS/2""]","[]","[]",""
"NOAA-11","[]","","","","849","99.0","101.8","748","1988-09-24","2004-06-16","unknown","[""AVHRR/2"", ""HIRS/2"", ""SSU""]","[]","[]",""
"NOAA-12","[]","","","","803","98.5","100.8","748","1991-05-14","2007-08-10","unknown","[""AVHRR/2"", ""HIRS/2""]","[]","[]",""
"NOAA-13","[]","","","","865","99.0","102.1","748","1993-08-09","1993-09-21","unknown","[""AVHRR/2"", ""HIRS/2""]","[]","[]",""
"NOAA-14","[]","","","","849","98.9","101.8","748","1994-12-30","2007-05-23","unknown","[""AVHRR/2"", ""HIRS/2"", ""SSU""]","[]","[]",""
"NOAA-15","[]","","","","807","98.7","100.9","2231","1998-05-13","","historical","[""AVHRR/3"", ""HIRS/3""]","[]","[]",""
"NOAA-16","[]","","","","849","99.0","101.8","2231","2000-09-21","2014-06-09","unknown","[""HIRS/3""]","[]","[]",""
"NOAA-17","[]","","","","810","98.7","100.9","2231","2002-06-24","2013-04-10","unknown","[""HIRS/3""]","[]","[]",""
"NOAA-18","[]","","","","854","98.9","101.9","2235","2005-05-20","","historical","[""AVHRR/3""]","[]","[]",""
"NOAA-19","[]","","","","870","99.1","102.2","2215","2009-02-06","","historical","[""AVHRR/3"", ""HIRS/4""]","[]","[]",""
"NOAA-2","[]","","","","1458","101.9","114.9","340","1972-10-15","1975-06-30","unknown","[""SR"", ""VTPR""]","[]","[]",""
"NOAA-20","[]","","","","833","98.7","101.4","2230","2017-11-18","","operational","[""CERES"", ""CrIS"", ""VIIRS""]","[]","[]",""
"NOAA-21","[]","","","","833","98.7","101.4","2230","2022-11-10","","operational","[""CrIS"", ""VIIRS""]","[]","[]",""
"NOAA-3","[]","","","","1512","101.8","116.1","340","1973-11-06","1976-04-30","unknown","[""SR"", ""VTPR""]","[]","[]",""
"NOAA-4","[]","","","","1460","101.7","114.9","340","1974-11-15","1979-11-15","unknown","[""SR"", ""VTPR""]","[]","[]",""
"NOAA-5","[]","","","","1510","101.8","116.0","340","1976-07-29","1979-07-16","unknown","[""SR"", ""VTPR""]","[]","[]",""
"NOAA-6","[]","","","","810","98.7","100.9","723","1979-06-27","1987-11-01","unknown","[""AVHRR"", ""HIRS/2"", ""SSU""]","[]","[]",""
"NOAA-7","[]","","","","833","98.9","101.4","726","1981-06-23","1986-06-07","unknown","[""AVHRR/2"", ""HIRS/2"", ""SSU""]","[]","[]",""
"NOAA-8","[]","","","","833","98.8","101.4","748","1983-03-28","1985-10-31","unknown","[""AVHRR"", ""HIRS/2"", ""SSU""]","[]","[]",""
"NOAA-9","[]","","","","807","99.0","100.9","748","1984-12-12","1994-02-13","unknown","[""AVHRR/2"", ""HIRS/2"", ""SSU""]","[]","[]",""
"OceanSat-3A","[]","","","","742","98.3","99.5","1117","2022-11-26","","operational","[""SSTM""]","[]","[]",""
"PCW-1","[]","","","","600","63.4","96.5","1500","2027-01-01","","unknown","[""ISR""]","[]","[]",""
"PCW-2","[]","","","","600","63.4","96.5","1500","2029-01-01","","unknown","[""ISR""]","[]","[]",""
"PREFIRE-1","[]","NASA","USA","SSO","525","97.4","95.3","10","2024-05-22","","operational","[""PREFIRE-TIRS""]","[""PREFIRE-TIRS""]","[""https://science.nasa.gov/mission/prefire/""]","6U CubeSat"
"PREFIRE-2","[]","NASA","USA","SSO","525","97.4","95.3","10","2024-05-25","","operational","[""PREFIRE-TIRS""]","[""PREFIRE-TIRS""]","[""https://science.nasa.gov/mission/prefire/""]","6U CubeSat"
"SatLeo-1","[]","","","","500","97.4","94.5","50","2023-01-01","","operational","[""SatLeo-TIR""]","[]","[]",""
"SBG-TIR (free-flyer)","[""SBG""]","NASA/ASI","USA/Italy","SSO","665","98.1","97.7","1200","2029-01-01","","planned","[""SBG-TIR""]","[""SBG-TIR""]","[""https://space.skyrocket.de/doc_sdat/sbg-tir-(free-flyer).htm""]",""
"SCISAT-1","[]","","","","650","73.9","97.6","150","2003-08-12","","historical","[""ACE-FTS""]","[]","[]",""
"SDGSAT-1","[]","","","","505","97.5","94.6","560","2021-11-05","","unknown","[""TIR""]","[]","[]",""
"SeaSat","[]","","","","800","108.0","100.7","2286","1978-06-27","1978-10-10","unknown","[""VIRR""]","[]","[]",""
"Sentinel-3A","[]","ESA/Copernicus","EU","SSO","814","98.6","100.9","1150","2016-02-16","","operational","[""SLSTR""]","[""SLSTR"", ""OLCI"", ""SRAL"", ""MWR""]","[""https://space.skyrocket.de/doc_sdat/sentinel-3a.htm""]",""
"Sentinel-3B","[]","ESA/Copernicus","EU","SSO","814","98.6","100.9","1150","2018-04-25","","operational","[""SLSTR""]","[""SLSTR"", ""OLCI"", ""SRAL"", ""MWR""]","[""https://space.skyrocket.de/doc_sdat/sentinel-3b.htm""]",""
"Sentinel-3C","[]","","","","814","98.6","101.0","1150","2024-03-05","","operational","[""SLSTR""]","[]","[]",""
"Sentinel-3D","[]","","","","814","98.6","101.0","1150","2031-01-01","","planned","[""SLSTR""]","[]","[]",""
"SICH-1M","[]","","","","665","98.0","97.9","1350","2004-12-24","2006-06-01","unknown","[""MTVZA-OK (optical)""]","[]","[]",""
"SkyBee-1 (constellr)","[]","","","","525","97.5","95.0","6","2023-01-03","2024-06-01","operational","[""HiVE""]","[]","[]",""
"SNPP","[]","","","","833","98.7","101.4","2150","2011-10-28","","operational","[""CERES"", ""CrIS"", ""VIIRS""]","[]","[]",""
"Terra","[""EOS-AM-1""]","NASA","USA","SSO","705","98.2","99.0","5190","1999-12-18","","operational","[""ASTER"", ""CERES"", ""MODIS""]","[""MODIS"", ""ASTER"", ""CERES"", ""MOPITT"", ""MISR""]","[""https://space.skyrocket.de/doc_sdat/terra.htm""]",""
"TIMED","[]","","","","625","74.1","97.1","580","2001-12-07","","historical","[""SABER""]","[]","[]",""
"TIROS-N","[]","","","","846","98.9","101.7","734","1978-10-13","1981-06-30","unknown","[""AVHRR"", ""HIRS/2"", ""SSU""]","[]","[]",""
"TRISHNA","[]","CNES/ISRO","France/India","SSO","761","98.5","100.3","850","2026-01-01","","operational","[""TRISHNA""]","[""TRISHNA TIR"", ""TRISHNA VNIR""]","[""https://space.skyrocket.de/doc_sdat/trishna.htm""]",""
"TRMM","[]","","","","402","35.0","92.5","3660","1997-11-27","2015-04-15","unknown","[""VIRS""]","[]","[]",""
"UARS","[]","","","","600","57.0","96.5","6804","1991-09-15","2005-08-14","unknown","[""CLAES"", ""HALOE"", ""ISAMS""]","[]","[]",""
"VanZyl-1 (Hydrosat)","[]","","","","525","97.5","95.0","6","2022-01-13","2023-06-01","operational","[""HYDROSAT""]","[]","[]",""
