"name","alt_names_json","operator","country","launch_date","decommission_date","status","orbit_type","altitude_km","inclination_deg","period_min","mass_kg","tir_sensors_json","all_sensors_json","sources_json","notes"
"ADEOS","[]","","","","","unknown","","","","","","[""ILAS-I"", ""IMG"", ""OCTS""]","[]","[]",""
"ADEOS-2","[]","","","","","unknown","","","","","","[""GLI"", ""ILAS-II""]","[]","[]",""
"ALOS-2","[]","","","","","historical","","","","","","[""CIRC""]","[]","[]",""
"Aqua","[""EOS-PM-1""]","NASA","USA","2002-05-04","","operational","SSO","705","98.2","99.0","2934","[""AIRS"", ""CERES"", ""MODIS""]","[""MODIS"", ""AIRS"", ""CERES"", ""AMSR-E"", ""HSB"", ""AMSU-A""]","[""https://space.skyrocket.de/doc_sdat/aqua.htm""]",""
"Arctica-M N1","[]","","","","","operational","","","","","","[""MSU-GS/A""]","[]","[]",""
"Arctica-M N2","[]","","","","","operational","","","","","","[""MSU-GS/A""]","[]","[]",""
"Arctica-M N3","[]","","","","","operational","","","","","","[""MSU-GS/A""]","[]","[]",""
"Arctica-M N4","[]","","","","","planned","","","","","","[""MSU-GS/A""]","[]","[]",""
"ATS-6","[]","","","","","unknown","","","","","","[""VHRR""]","[]","[]",""
"Aura","[""EOS-Chem-1""]","NASA","USA","2004-07-15","","operational","SSO","705","98.2","99.0","2967","[""HIRDLS"", ""TES-limb"", ""TES-nadir""]","[""MLS"", ""OMI"", ""HIRDLS"", ""TES""]","[""https://space.skyrocket.de/doc_sdat/aura.htm""]",""
"Blue Moon (SuperSharp)","[]","","","","","operational","","","","","","[""SuperSharp""]","[]","[]",""
"CALIPSO","[]","","","","","unknown","","","","","","[""IIR""]","[]","[]",""
"CBERS-2","[]","","","","","historical","","","","","","[""IRMSS""]","[]","[]",""
"CBERS-4","[]","","","","","historical","","","","","","[""IRMSS-2""]","[]","[]",""
"CBERS-4B","[]","","","","","historical","","","","","","[""IRMSS-2""]","[]","[]",""
"Clarity-1 (Albedo)","[]","","","","","operational","","","","","","[""Clarity""]","[]","[]",""
"CLARREO-1A","[]","","","","","unknown","","","","","","[""IR spectrometer""]","[]","[]",""
"CLARREO-2A","[]","","","","","unknown","","","","","","[""IR spectrometer""]","[]","[]",""
"COMS","[]","","","","","unknown","","","","","","[""MI""]","[]","[]",""
"DMSP-F01","[]","","","","","unknown","","","","","","[""SSH""]","[]","[]",""
"DMSP-F02","[]","","","","","unknown","","","","","","[""SSH""]","[]","[]",""
"DMSP-F03","[]","","","","","unknown","","","","","","[""SSH""]","[]","[]",""
"DMSP-F04","[]","","","","","unknown","","","","","","[""SSH""]","[]","[]",""
"DMSP-F16","[]","","","","","historical","","","","","","[""OLS""]","[]","[]",""
"DMSP-F17","[]","","","","","historical","","","","","","[""OLS""]","[]","[]",""
"DMSP-F18","[]","","","","","historical","","","","","","[""OLS""]","[]","[]",""
"EarthCARE","[]","","","","","operational","","","","","","[""MSI""]","[]","[]",""
"EarthDaily-1","[]","","","","","operational","","","","","","[""EarthDaily""]","[]","[]",""
"Electro-GOMS","[]","","","","","unknown","","","","","","[""STR""]","[]","[]",""
"Electro-L N1","[]","","","","","historical","","","","","","[""MSU-GS""]","[]","[]",""
"Electro-L N2","[]","","","","","historical","","","","","","[""MSU-GS""]","[]","[]",""
"Electro-L N3","[]","","","","","operational","","","","","","[""MSU-GS""]","[]","[]",""
"Electro-L N4","[]","","","","","operational","","","","","","[""MSU-GS""]","[]","[]",""
"Electro-L N5","[]","","","","","operational","","","","","","[""MSU-GS""]","[]","[]",""
"Electro-L N6","[]","","","","","planned","","","","","","[""MSU-GS""]","[]","[]",""
"Electro-L N7","[]","","","","","planned","","","","","","[""MSU-GS""]","[]","[]",""
"Electro-M N1-1","[]","","","","","planned","","","","","","[""IRFS-GS"", ""MSU-GSM""]","[]","[]",""
"Electro-M N1-2","[]","","","","","planned","","","","","","[""IRFS-GS"", ""MSU-GSM""]","[]","[]",""
"Envisat","[]","ESA","EU","2002-03-01","2012-05-09","historical","SSO","800","98.5","100.6","8211","[""AATSR"", ""MIPAS""]","[""AATSR"", ""MERIS"", ""ASAR"", ""GOMOS"", ""MIPAS"", ""SCIAMACHY"", ""RA-2"", ""MWR"", ""DORIS""]","[""https://space.skyrocket.de/doc_sdat/envisat.htm""]",""
"ER-2 / DC-8 Aircraft (NASA)","[]","","","","","operational","","","","","","[""MASTER""]","[]","[]",""
"ER-2 Aircraft (NASA)","[]","","","","","operational","","","","","","[""HyTES""]","[]","[]",""
"ERS-1","[]","ESA","EU","1991-07-17","2000-03-10","historical","SSO","785","98.5","100.5","2384","[""ATSR-1""]","[""ATSR"", ""AMI"", ""RA"", ""PRARE"", ""WIND""]","[""https://space.skyrocket.de/doc_sdat/ers-1.htm""]",""
"ERS-2","[]","ESA","EU","1995-04-21","2011-09-05","historical","SSO","785","98.5","100.5","2516","[""ATSR-2""]","[""ATSR-2"", ""AMI"", ""RA"", ""GOME""]","[""https://space.skyrocket.de/doc_sdat/ers-2.htm""]",""
"FireSat-1 (Muon Space)","[]","","","","","operational","","","","","","[""FireSat""]","[]","[]",""
"Forest-1","[]","","","","","operational","","","","","","[""Forest-1""]","[]","[]",""
"Forest-2","[]","","","","","operational","","","","","","[""Forest-2""]","[]","[]",""
"Forest-3","[]","","","","","operational","","","","","","[""Forest-3""]","[]","[]",""
"FORUM","[]","","","","","planned","","","","","","[""FSI""]","[]","[]",""
"FY-1A","[]","","","","","unknown","","","","","","[""MVISR""]","[]","[]",""
"FY-1B","[]","","","","","unknown","","","","","","[""MVISR""]","[]","[]",""
"FY-1C","[]","","","","","unknown","","","","","","[""MVISR""]","[]","[]",""
"FY-1D","[]","","","","","unknown","","","","","","[""MVISR""]","[]","[]",""
"FY-2G","[]","","","","","historical","","","","","","[""S-VISSR""]","[]","[]",""
"FY-2H","[]","","","","","historical","","","","","","[""S-VISSR""]","[]","[]",""
"FY-3A","[]","","","","","unknown","","","","","","[""IRAS"", ""MERSI-1"", ""VIRR (FY-3)""]","[]","[]",""
"FY-3B","[]","","","","","unknown","","","","","","[""IRAS"", ""MERSI-1"", ""VIRR (FY-3)""]","[]","[]",""
"FY-3C","[]","","","","","unknown","","","","","","[""IRAS"", ""MERSI-1"", ""VIRR (FY-3)""]","[]","[]",""
"FY-3D","[]","","","","","historical","","","","","","[""HIRAS"", ""MERSI-2""]","[]","[]",""
"FY-3E","[]","","","","","operational","","","","","","[""HIRAS-2"", ""MERSI-LL""]","[]","[]",""
"FY-3F","[]","","","","","operational","","","","","","[""HIRAS-2"", ""MERSI-3""]","[]","[]",""
"FY-3G","[]","","","","","operational","","","","","","[""MERSI-RM""]","[]","[]",""
"FY-3H","[]","","","","","operational","","","","","","[""HIRAS-2"", ""MERSI-3""]","[]","[]",""
"FY-3I","[]","","","","","operational","","","","","","[""MERSI-RM""]","[]","[]",""
"FY-3J","[]","","","","","planned","","","","","","[""HIRAS-2"", ""MERSI-LL""]","[]","[]",""
"FY-4A","[]","","","","","historical","","","","","","[""AGRI"", ""GIIRS""]","[]","[]",""
"FY-4B","[]","","","","","operational","","","","","","[""AGRI"", ""GHI"", ""GIIRS-2""]","[]","[]",""
"FY-4C","[]","","","","","operational","","","","","","[""AGRI""]","[]","[]",""
"FY-4D","[]","","","","","operational","","","","","","[""AGRI"", ""GIIRS-2""]","[]","[]",""
"FY-4E","[]","","","","","planned","","","","","","[""AGRI"", ""GIIRS-2""]","[]","[]",""
"GCOM-C","[]","","","","","historical","","","","","","[""SGLI""]","[]","[]",""
"GEO-KOMPSAT-2A","[""GK2A""]","KMA","South Korea","2018-12-04","","operational","GEO","35786","0.0","1436.0","3507","[""AMI (GK2A)""]","[""AMI (GK2A)"", ""GEMS""]","[""https://www.eoportal.org/satellite-missions/geo-kompsat-2""]",""
"GeoXO Central","[]","","","","","planned","","","","","","[""GXS""]","[]","[]",""
"GeoXO East","[]","","","","","unknown","","","","","","[""GXI""]","[]","[]",""
"GeoXO West","[]","","","","","unknown","","","","","","[""GXI""]","[]","[]",""
"GF-13","[]","","","","","operational","","","","","","[""GF-4/13 imager""]","[]","[]",""
"GF-13-02","[]","","","","","operational","","","","","","[""GF-4/13 imager""]","[]","[]",""
"GF-4","[]","","","","","historical","","","","","","[""GF-4/13 imager""]","[]","[]",""
"GF-5","[]","CNSA","China","","","historical","SSO","705","","","","[""VIMS""]","[""VIMS"", ""AHSI"", ""DPC"", ""GMI""]","[]",""
"GF-5-01A","[]","CNSA","China","","","operational","SSO","705","","","","[""VIMS""]","[""VIMS"", ""AHSI""]","[]",""
"GF-5-02","[]","CNSA","China","","","operational","SSO","705","","","","[""VIMS""]","[""VIMS"", ""AHSI"", ""DPC""]","[]",""
"GISAT-1R","[]","","","","","operational","","","","","","[""MX-LWIR""]","[]","[]",""
"GOES-10","[]","","","","","unknown","","","","","","[""IMAGER-1 (GEOS)""]","[]","[]",""
"GOES-10 (S-America)","[]","","","","","unknown","","","","","","[""IMAGER-1 (GEOS)""]","[]","[]",""
"GOES-11","[]","","","","","unknown","","","","","","[""IMAGER-1 (GEOS)""]","[]","[]",""
"GOES-14","[]","","","","","operational","","","","","","[""IMAGER-2 (GEOS)"", ""SOUNDER (GOES)""]","[]","[]",""
"GOES-16","[""GOES-R""]","NOAA","USA","2016-11-19","","operational","GEO","35786","0","1436","5192","[""ABI""]","[""ABI"", ""SUVI"", ""EXIS"", ""SEISS"", ""MAGN"", ""GLM""]","[""https://space.skyrocket.de/doc_sdat/goes-16.htm""]",""
"GOES-17","[""GOES-S""]","NOAA","USA","2018-03-01","2023-01-10","historical","GEO","35786","0","1436","5192","[""ABI""]","[""ABI"", ""SUVI"", ""EXIS"", ""SEISS"", ""MAGN"", ""GLM""]","[""https://space.skyrocket.de/doc_sdat/goes-17.htm""]",""
"GOES-18","[""GOES-T""]","NOAA","USA","2022-03-01","","operational","GEO","35786","0","1436","5192","[""ABI""]","[""ABI"", ""SUVI"", ""EXIS"", ""SEISS"", ""MAGN"", ""GLM""]","[""https://space.skyrocket.de/doc_sdat/goes-18.htm""]",""
"GOES-19","[]","","","","","operational","","","","","","[""ABI""]","[]","[]",""
"GOES-4","[]","","","","","unknown","","","","","","[""VAS""]","[]","[]",""
"GOES-5","[]","","","","","unknown","","","","","","[""VAS""]","[]","[]",""
"GOES-6","[]","","","","","unknown","","","","","","[""VAS""]","[]","[]",""
"GOES-7","[]","","","","","unknown","","","","","","[""VAS""]","[]","[]",""
"GOES-8","[]","NOAA","USA","1994-04-13","2004-03-11","historical","GEO","35790","0","1436","2099","[""IMAGER-1 (GEOS)""]","[""GOES Imager"", ""GOES Sounder""]","[""https://space.skyrocket.de/doc_sdat/goes-8.htm""]",""
"GOES-9","[]","","","","","unknown","","","","","","[""IMAGER-1 (GEOS)""]","[]","[]",""
"GOES-9 (GMS backup)","[]","","","","","unknown","","","","","","[""IMAGER-1 (GEOS)""]","[]","[]",""
"GOSAT","[]","","","","","historical","","","","","","[""TANSO-FTS""]","[]","[]",""
"GOSAT-2","[]","","","","","historical","","","","","","[""TANSO-FTS/2""]","[]","[]",""
"GOSAT-GW","[]","","","","","operational","","","","","","[""TANSO-3""]","[]","[]",""
"HCMM","[""Heat Capacity Mapping Mission""]","NASA","USA","1978-04-26","1980-09-30","historical","SSO","620","97.6","97.4","124","[""HCMR""]","[""HCMR""]","[""https://space.skyrocket.de/doc_sdat/hcmm.htm""]",""
"Himawari-10","[]","","","","","planned","","","","","","[""GHMI"", ""GHMS""]","[]","[]",""
"Himawari-5 (GMS-5)","[]","","","","","unknown","","","","","","[""VISSR""]","[]","[]",""
"Himawari-6 (MTSAT-1R)","[]","","","","","unknown","","","","","","[""JAMI""]","[]","[]",""
"Himawari-7 (MTSAT-2)","[]","","","","","unknown","","","","","","[""IMAGER (MTSAT)""]","[]","[]",""
"Himawari-8","[]","JMA","Japan","2014-10-07","","operational","GEO","35786","0","1436","3500","[""AHI""]","[""AHI""]","[""https://space.skyrocket.de/doc_sdat/himawari-8.htm""]",""
"Himawari-9","[]","JMA","Japan","2016-11-02","","operational","GEO","35786","0","1436","3500","[""AHI""]","[""AHI""]","[""https://space.skyrocket.de/doc_sdat/himawari-9.htm""]",""
"HJ-1B","[]","","","","","historical","","","","","","[""IRMSS (HJ)""]","[]","[]",""
"HJ-2A","[]","","","","","historical","","","","","","[""IRMSS-2 (HJ)""]","[]","[]",""
"HJ-2B","[]","","","","","historical","","","","","","[""IRMSS-2 (HJ)""]","[]","[]",""
"HotSat-1","[]","","","","","historical","","","","","","[""HotSat Imager""]","[]","[]",""
"HotSat-2","[]","","","","","operational","","","","","","[""HotSat Imager""]","[]","[]",""
"HotSat-3","[]","","","","","operational","","","","","","[""HotSat Imager""]","[]","[]",""
"HRSAT-1A","[]","","","","","operational","","","","","","[""HRSAT-1""]","[]","[]",""
"HRSAT-1B","[]","","","","","operational","","","","","","[""HRSAT-1""]","[]","[]",""
"HY-1C","[]","","","","","historical","","","","","","[""COCTS""]","[]","[]",""
"HY-1D","[]","","","","","operational","","","","","","[""COCTS""]","[]","[]",""
"INSAT-1A","[]","","","","","unknown","","","","","","[""VHRR (INSAT)""]","[]","[]",""
"INSAT-1B","[]","","","","","unknown","","","","","","[""VHRR (INSAT)""]","[]","[]",""
"INSAT-1C","[]","","","","","unknown","","","","","","[""VHRR (INSAT)""]","[]","[]",""
"INSAT-1D","[]","","","","","unknown","","","","","","[""VHRR (INSAT)""]","[]","[]",""
"INSAT-2A","[]","","","","","unknown","","","","","","[""VHRR (INSAT)""]","[]","[]",""
"INSAT-2B","[]","","","","","unknown","","","","","","[""VHRR (INSAT)""]","[]","[]",""
"INSAT-2D","[]","","","","","unknown","","","","","","[""VHRR (INSAT)""]","[]","[]",""
"INSAT-2E","[]","","","","","unknown","","","","","","[""VHRR (INSAT)""]","[]","[]",""
"INSAT-3A","[]","","","","","unknown","","","","","","[""VHRR (INSAT)""]","[]","[]",""
"INSAT-3D","[]","","","","","unknown","","","","","","[""IMAGER (INSAT)""]","[]","[]",""
"INSAT-3DR","[]","","","","","operational","","","","","","[""IMAGER (INSAT)"", ""SOUNDER (INSAT)""]","[]","[]",""
"INSAT-3DS","[]","","","","","operational","","","","","","[""IMAGER (INSAT)"", ""SOUNDER (INSAT)""]","[]","[]",""
"ISS","[""International Space Station""]","NASA/ESA/Roscosmos/JAXA/CSA","International","1998-11-20","","operational","ISS","400","51.6","92.0","420000","[""ECOSTRESS""]","[""ECOSTRESS"", ""EMIT"", ""OCO-3""]","[""https://space.skyrocket.de/doc_sdat/iss.htm""]",""
"ITOS-1 (TIROS-M)","[]","","","","","unknown","","","","","","[""SR""]","[]","[]",""
"JPSS-3","[]","","","","","planned","","","","","","[""CrIS"", ""VIIRS""]","[]","[]",""
"JPSS-3 (NOAA-22)","[""NOAA-22""]","NOAA","USA","2027-01-01","","planned","SSO","833","98.7","101.5","","[""VIIRS (JPSS-3)""]","[""VIIRS"", ""CrIS"", ""ATMS"", ""OMPS"", ""CERES""]","[""https://space.skyrocket.de/doc_sdat/jpss-3-(noaa-22).htm""]",""
"JPSS-4","[]","","","","","planned","","","","","","[""CrIS"", ""VIIRS""]","[]","[]",""
"Kalpana-1","[]","","","","","unknown","","","","","","[""VHRR (INSAT)""]","[]","[]",""
"KANOPUS-V-IK-1","[]","","","","","historical","","","","","","[""MSU-IK-SR""]","[]","[]",""
"KOMPSAT-3A","[]","","","","","historical","","","","","","[""IIP""]","[]","[]",""
"Landsat-10","[]","NASA/USGS","USA","2030-01-01","","planned","SSO","705","98.2","99.0","","[""Landsat-Next""]","[""Landsat-Next TIR"", ""Landsat-Next OLI""]","[""https://space.skyrocket.de/doc_sdat/landsat-10.htm""]",""
"Landsat-11","[]","NASA/USGS","USA","2031-01-01","","planned","SSO","705","98.2","99.0","","[""Landsat-Next""]","[""Landsat-Next TIR""]","[""https://space.skyrocket.de/doc_sdat/landsat-11.htm""]",""
"Landsat-12","[]","NASA/USGS","USA","2032-01-01","","planned","SSO","705","98.2","99.0","","[""Landsat-Next""]","[""Landsat-Next TIR""]","[""https://space.skyrocket.de/doc_sdat/landsat-12.htm""]",""
"Landsat-4","[]","NASA/USGS","USA","1982-07-16","2001-06-15","historical","SSO","705","98.2","99.0","1941","[""TM""]","[""TM"", ""MSS""]","[""https://space.skyrocket.de/doc_sdat/landsat-4.htm""]",""
"Landsat-5","[]","NASA/USGS","USA","1984-03-01","2013-06-05","historical","SSO","705","98.2","99.0","1944","[""TM""]","[""TM"", ""MSS""]","[""https://space.skyrocket.de/doc_sdat/landsat-5.htm""]",""
"Landsat-6","[]","NASA/USGS","USA","1993-10-05","1993-10-05","historical","SSO","","98.2","","1740","[""ETM""]","[""ETM""]","[""https://space.skyrocket.de/doc_sdat/landsat-6.htm""]",""
"Landsat-7","[]","NASA/USGS","USA","1999-04-15","2022-04-06","historical","SSO","705","98.2","98.9","2200","[""ETM+""]","[""ETM+""]","[""https://space.skyrocket.de/doc_sdat/landsat-7.htm""]",""
"Landsat-8","[""LDCM""]","NASA/USGS","USA","2013-02-11","","operational","SSO","705","98.2","99.0","2623","[""TIRS""]","[""OLI"", ""TIRS""]","[""https://space.skyrocket.de/doc_sdat/landsat-8.htm""]",""
"Landsat-9","[]","NASA/USGS","USA","2021-09-27","","operational","SSO","705","98.2","99.0","2750","[""TIRS""]","[""OLI-2"", ""TIRS-2""]","[""https://space.skyrocket.de/doc_sdat/landsat-9.htm""]",""
"LSTM-A","[]","ESA/Copernicus","EU","2028-01-01","","planned","SSO","651","97.9","97.4","","[""LSTM""]","[""LSTM""]","[""https://space.skyrocket.de/doc_sdat/lstm-a.htm""]",""
"LSTM-B","[]","ESA/Copernicus","EU","2029-01-01","","planned","SSO","651","97.9","97.4","","[""LSTM""]","[""LSTM""]","[""https://space.skyrocket.de/doc_sdat/lstm-b.htm""]",""
"Meteor-1-1","[]","","","","","unknown","","","","","","[""IR (Meteor-1)""]","[]","[]",""
"Meteor-1-10","[]","","","","","unknown","","","","","","[""IR (Meteor-1)""]","[]","[]",""
"Meteor-1-11","[]","","","","","unknown","","","","","","[""IR (Meteor-1)""]","[]","[]",""
"Meteor-1-12","[]","","","","","unknown","","","","","","[""IR (Meteor-1)""]","[]","[]",""
"Meteor-1-13","[]","","","","","unknown","","","","","","[""IR (Meteor-1)""]","[]","[]",""
"Meteor-1-14","[]","","","","","unknown","","","","","","[""IR (Meteor-1)""]","[]","[]",""
"Meteor-1-15","[]","","","","","unknown","","","","","","[""IR (Meteor-1)""]","[]","[]",""
"Meteor-1-16","[]","","","","","unknown","","","","","","[""IR (Meteor-1)""]","[]","[]",""
"Meteor-1-17","[]","","","","","unknown","","","","","","[""IR (Meteor-1)""]","[]","[]",""
"Meteor-1-19","[]","","","","","unknown","","","","","","[""IR (Meteor-1)""]","[]","[]",""
"Meteor-1-2","[]","","","","","unknown","","","","","","[""IR (Meteor-1)""]","[]","[]",""
"Meteor-1-20","[]","","","","","unknown","","","","","","[""IR (Meteor-1)""]","[]","[]",""
"Meteor-1-21","[]","","","","","unknown","","","","","","[""IR (Meteor-1)""]","[]","[]",""
"Meteor-1-22","[]","","","","","unknown","","","","","","[""IR (Meteor-1)""]","[]","[]",""
"Meteor-1-23","[]","","","","","unknown","","","","","","[""IR (Meteor-1)""]","[]","[]",""
"Meteor-1-24","[]","","","","","unknown","","","","","","[""IR (Meteor-1)""]","[]","[]",""
"Meteor-1-26","[]","","","","","unknown","","","","","","[""IR (Meteor-1)""]","[]","[]",""
"Meteor-1-27","[]","","","","","unknown","","","","","","[""IR (Meteor-1)""]","[]","[]",""
"Meteor-1-3","[]","","","","","unknown","","","","","","[""IR (Meteor-1)""]","[]","[]",""
"Meteor-1-4","[]","","","","","unknown","","","","","","[""IR (Meteor-1)""]","[]","[]",""
"Meteor-1-5","[]","","","","","unknown","","","","","","[""IR (Meteor-1)""]","[]","[]",""
"Meteor-1-6","[]","","","","","unknown","","","","","","[""IR (Meteor-1)""]","[]","[]",""
"Meteor-1-7","[]","","","","","unknown","","","","","","[""IR (Meteor-1)""]","[]","[]",""
"Meteor-1-8","[]","","","","","unknown","","","","","","[""IR (Meteor-1)""]","[]","[]",""
"Meteor-1-9","[]","","","","","unknown","","","","","","[""IR (Meteor-1)""]","[]","[]",""
"Meteor-2-1","[]","","","","","unknown","","","","","","[""IR (Meteor-2)"", ""SM (Meteor-2)""]","[]","[]",""
"Meteor-2-10","[]","","","","","unknown","","","","","","[""IR (Meteor-2)"", ""SM (Meteor-2)""]","[]","[]",""
"Meteor-2-11","[]","","","","","unknown","","","","","","[""IR (Meteor-2)"", ""SM (Meteor-2)""]","[]","[]",""
"Meteor-2-12","[]","","","","","unknown","","","","","","[""IR (Meteor-2)"", ""SM (Meteor-2)""]","[]","[]",""
"Meteor-2-13","[]","","","","","unknown","","","","","","[""IR (Meteor-2)"", ""SM (Meteor-2)""]","[]","[]",""
"Meteor-2-14","[]","","","","","unknown","","","","","","[""IR (Meteor-2)"", ""SM (Meteor-2)""]","[]","[]",""
"Meteor-2-15","[]","","","","","unknown","","","","","","[""IR (Meteor-2)"", ""SM (Meteor-2)""]","[]","[]",""
"Meteor-2-16","[]","","","","","unknown","","","","","","[""IR (Meteor-2)"", ""SM (Meteor-2)""]","[]","[]",""
"Meteor-2-17","[]","","","","","unknown","","","","","","[""IR (Meteor-2)"", ""SM (Meteor-2)""]","[]","[]",""
"Meteor-2-18","[]","","","","","unknown","","","","","","[""IR (Meteor-2)"", ""SM (Meteor-2)""]","[]","[]",""
"Meteor-2-19","[]","","","","","unknown","","","","","","[""IR (Meteor-2)"", ""SM (Meteor-2)""]","[]","[]",""
"Meteor-2-2","[]","","","","","unknown","","","","","","[""IR (Meteor-2)"", ""SM (Meteor-2)""]","[]","[]",""
"Meteor-2-20","[]","","","","","unknown","","","","","","[""IR (Meteor-2)"", ""SM (Meteor-2)""]","[]","[]",""
"Meteor-2-21","[]","","","","","unknown","","","","","","[""IR (Meteor-2)"", ""SM (Meteor-2)""]","[]","[]",""
"Meteor-2-3","[]","","","","","unknown","","","","","","[""IR (Meteor-2)"", ""SM (Meteor-2)""]","[]","[]",""
"Meteor-2-4","[]","","","","","unknown","","","","","","[""IR (Meteor-2)"", ""SM (Meteor-2)""]","[]","[]",""
"Meteor-2-5","[]","","","","","unknown","","","","","","[""IR (Meteor-2)"", ""SM (Meteor-2)""]","[]","[]",""
"Meteor-2-6","[]","","","","","unknown","","","","","","[""IR (Meteor-2)"", ""SM (Meteor-2)""]","[]","[]",""
"Meteor-2-7","[]","","","","","unknown","","","","","","[""IR (Meteor-2)"", ""SM (Meteor-2)""]","[]","[]",""
"Meteor-2-8","[]","","","","","unknown","","","","","","[""IR (Meteor-2)"", ""SM (Meteor-2)""]","[]","[]",""
"Meteor-2-9","[]","","","","","unknown","","","","","","[""IR (Meteor-2)"", ""SM (Meteor-2)""]","[]","[]",""
"Meteor-3-1","[]","","","","","unknown","","","","","","[""Klimat"", ""SM (Meteor-3)""]","[]","[]",""
"Meteor-3-2","[]","","","","","unknown","","","","","","[""Klimat"", ""SM (Meteor-3)""]","[]","[]",""
"Meteor-3-3","[]","","","","","unknown","","","","","","[""Klimat"", ""SM (Meteor-3)""]","[]","[]",""
"Meteor-3-4","[]","","","","","unknown","","","","","","[""Klimat"", ""SM (Meteor-3)""]","[]","[]",""
"Meteor-3-5","[]","","","","","unknown","","","","","","[""Klimat"", ""SM (Meteor-3)""]","[]","[]",""
"Meteor-3-6","[]","","","","","unknown","","","","","","[""Klimat"", ""SM (Meteor-3)""]","[]","[]",""
"Meteor-3M","[]","","","","","unknown","","","","","","[""Klimat""]","[]","[]",""
"Meteor-M N2-2","[]","","","","","historical","","","","","","[""MSU-MR""]","[]","[]",""
"Meteor-M N2-3","[]","","","","","operational","","","","","","[""IKFS-2"", ""MSU-MR""]","[]","[]",""
"Meteor-M N2-4","[]","","","","","operational","","","","","","[""IKFS-2"", ""MSU-MR""]","[]","[]",""
"Meteor-M N2-5","[]","","","","","operational","","","","","","[""IKFS-2"", ""MSU-MR""]","[]","[]",""
"Meteor-M N2-6","[]","","","","","operational","","","","","","[""IKFS-2"", ""MSU-MR""]","[]","[]",""
"Meteor-MP N1","[]","","","","","planned","","","","","","[""IKFS-3"", ""MSU-MR-MP""]","[]","[]",""
"Meteor-MP N2","[]","","","","","planned","","","","","","[""IKFS-3"", ""MSU-MR-MP""]","[]","[]",""
"Meteor-P1","[]","","","","","unknown","","","","","","[""IR (Meteor-1)""]","[]","[]",""
"Meteor-P2","[]","","","","","unknown","","","","","","[""IR (Meteor-1)"", ""SI-1""]","[]","[]",""
"Meteor-P3","[]","","","","","unknown","","","","","","[""SI-1""]","[]","[]",""
"Meteor-P4","[]","","","","","unknown","","","","","","[""SI-1""]","[]","[]",""
"Meteosat-1","[]","","","","","unknown","","","","","","[""MVIRI""]","[]","[]",""
"Meteosat-10","[""MSG-3""]","EUMETSAT","EU","2012-07-05","","operational","GEO","35786","0","1436","2040","[""SEVIRI""]","[""SEVIRI"", ""GERB""]","[""https://space.skyrocket.de/doc_sdat/meteosat-10.htm""]",""
"Meteosat-11","[""MSG-4""]","EUMETSAT","EU","2015-07-15","","operational","GEO","35786","0","1436","2040","[""SEVIRI""]","[""SEVIRI"", ""GERB""]","[""https://space.skyrocket.de/doc_sdat/meteosat-11.htm""]",""
"Meteosat-2","[]","","","","","unknown","","","","","","[""MVIRI""]","[]","[]",""
"Meteosat-3","[]","","","","","unknown","","","","","","[""MVIRI""]","[]","[]",""
"Meteosat-3 (ADC)","[]","","","","","unknown","","","","","","[""MVIRI""]","[]","[]",""
"Meteosat-3 (X-ADC)","[]","","","","","unknown","","","","","","[""MVIRI""]","[]","[]",""
"Meteosat-4","[]","","","","","unknown","","","","","","[""MVIRI""]","[]","[]",""
"Meteosat-5","[]","","","","","unknown","","","","","","[""MVIRI""]","[]","[]",""
"Meteosat-5 (IODC)","[]","","","","","unknown","","","","","","[""MVIRI""]","[]","[]",""
"Meteosat-6","[]","","","","","unknown","","","","","","[""MVIRI""]","[]","[]",""
"Meteosat-6 (IODC)","[]","","","","","unknown","","","","","","[""MVIRI""]","[]","[]",""
"Meteosat-7","[]","","","","","unknown","","","","","","[""MVIRI""]","[]","[]",""
"Meteosat-7 (IODC)","[]","","","","","unknown","","","","","","[""MVIRI""]","[]","[]",""
"Meteosat-9 (IODC)","[]","","","","","operational","","","","","","[""SEVIRI""]","[]","[]",""
"Metop-B","[]","EUMETSAT/ESA","EU","2012-09-17","","operational","SSO","817","98.7","101.4","4085","[""AVHRR/3"", ""IASI""]","[""AVHRR/3"", ""IASI"", ""MHS"", ""AMSU-A"", ""GOME-2"", ""ASCAT"", ""SEM-2""]","[""https://space.skyrocket.de/doc_sdat/metop-b.htm""]",""
"Metop-C","[]","EUMETSAT/ESA","EU","2018-11-07","","operational","SSO","817","98.7","101.4","4085","[""AVHRR/3"", ""IASI""]","[""AVHRR/3"", ""IASI"", ""MHS"", ""AMSU-A"", ""GOME-2"", ""ASCAT"", ""SEM-2""]","[""https://space.skyrocket.de/doc_sdat/metop-c.htm""]",""
"Metop-SG-A1","[]","","","","","operational","","","","","","[""IASI-NG"", ""METimage""]","[]","[]",""
"Metop-SG-A2","[]","","","","","planned","","","","","","[""IASI-NG"", ""METimage""]","[]","[]",""
"Metop-SG-A3","[]","","","","","planned","","","","","","[""IASI-NG"", ""METimage""]","[]","[]",""
"MOS-1","[]","","","","","unknown","","","","","","[""VTIR""]","[]","[]",""
"MOS-1B","[]","","","","","unknown","","","","","","[""VTIR""]","[]","[]",""
"MTG-I1","[]","EUMETSAT","EU","2022-12-13","","operational","GEO","35786","0","1436","3400","[""FCI""]","[""FCI"", ""LI""]","[""https://space.skyrocket.de/doc_sdat/mtg-i1.htm""]",""
"MTG-I2","[]","","","","","operational","","","","","","[""FCI""]","[]","[]",""
"MTG-I3","[]","","","","","planned","","","","","","[""FCI""]","[]","[]",""
"MTG-I4","[]","","","","","planned","","","","","","[""FCI""]","[]","[]",""
"MTG-S1","[]","","","","","operational","","","","","","[""IRS""]","[]","[]",""
"MTG-S2","[]","","","","","planned","","","","","","[""IRS""]","[]","[]",""
"Nimbus-1","[]","NASA","USA","1964-08-28","1964-09-22","historical","SSO","938","98.7","98.6","376","[""HRIR""]","[""HRIR"", ""AVCS"", ""APT""]","[""https://space.skyrocket.de/doc_sdat/nimbus-1.htm""]",""
"Nimbus-2","[]","NASA","USA","1966-05-15","1969-01-17","historical","SSO","1131","100.5","108.2","413","[""HRIR""]","[""HRIR"", ""MRIR"", ""AVCS"", ""APT""]","[""https://space.skyrocket.de/doc_sdat/nimbus-2.htm""]",""
"Nimbus-3","[]","NASA","USA","1969-04-14","1972-01-22","historical","SSO","1077","99.9","107.4","572","[""HRIR"", ""IRIS-B"", ""SIRS-A""]","[""HRIR"", ""MRIR"", ""IRIS-B"", ""SIRS-A"", ""IDCS""]","[""https://space.skyrocket.de/doc_sdat/nimbus-3.htm""]",""
"Nimbus-4","[]","NASA","USA","1970-04-08","1980-09-30","historical","SSO","1100","99.9","107.1","623","[""FWS"", ""IRIS-D"", ""SCR (Nimbus-4)"", ""SIRS-B"", ""THIR""]","[""THIR"", ""IRIS-D"", ""ITPR"", ""SCR"", ""FWS""]","[""https://space.skyrocket.de/doc_sdat/nimbus-4.htm""]",""
"Nimbus-5","[]","NASA","USA","1972-12-11","1983-03-29","historical","SSO","1103","99.9","107.3","768","[""ITPR"", ""SCMR"", ""SCR (Nimbus-5)"", ""THIR""]","[""THIR"", ""ESMR"", ""SCR"", ""NEMS"", ""ITPR"", ""ERB""]","[""https://space.skyrocket.de/doc_sdat/nimbus-5.htm""]",""
"Nimbus-6","[]","NASA","USA","1975-06-12","1983-03-29","historical","SSO","1100","100.0","107.2","831","[""HIRS"", ""LRIR"", ""PMR"", ""THIR""]","[""THIR"", ""ERB"", ""ESMR"", ""LRIR"", ""PMR""]","[""https://space.skyrocket.de/doc_sdat/nimbus-6.htm""]",""
"Nimbus-7","[]","NASA","USA","1978-10-24","1994-04-05","historical","SSO","955","99.1","104.2","1008","[""LIMS"", ""SAMS"", ""THIR""]","[""THIR"", ""CZCS"", ""SMMR"", ""LIMS"", ""SAM-II"", ""ERB""]","[""https://space.skyrocket.de/doc_sdat/nimbus-7.htm""]",""
"NOAA-1","[]","","","","","unknown","","","","","","[""SR""]","[]","[]",""
"NOAA-10","[]","","","","","unknown","","","","","","[""AVHRR"", ""HIRS/2""]","[]","[]",""
"NOAA-11","[]","","","","","unknown","","","","","","[""AVHRR/2"", ""HIRS/2"", ""SSU""]","[]","[]",""
"NOAA-12","[]","","","","","unknown","","","","","","[""AVHRR/2"", ""HIRS/2""]","[]","[]",""
"NOAA-13","[]","","","","","unknown","","","","","","[""AVHRR/2"", ""HIRS/2""]","[]","[]",""
"NOAA-14","[]","","","","","unknown","","","","","","[""AVHRR/2"", ""HIRS/2"", ""SSU""]","[]","[]",""
"NOAA-15","[]","","","","","historical","","","","","","[""AVHRR/3"", ""HIRS/3""]","[]","[]",""
"NOAA-16","[]","","","","","unknown","","","","","","[""HIRS/3""]","[]","[]",""
"NOAA-17","[]","","","","","unknown","","","","","","[""HIRS/3""]","[]","[]",""
"NOAA-18","[]","","","","","historical","","","","","","[""AVHRR/3""]","[]","[]",""
"NOAA-19","[]","","","","","historical","","","","","","[""AVHRR/3"", ""HIRS/4""]","[]","[]",""
"NOAA-2","[]","","","","","unknown","","","","","","[""SR"", ""VTPR""]","[]","[]",""
"NOAA-20","[]","","","","","operational","","","","","","[""CERES"", ""CrIS"", ""VIIRS""]","[]","[]",""
"NOAA-21","[]","","","","","operational","","","","","","[""CrIS"", ""VIIRS""]","[]","[]",""
"NOAA-3","[]","","","","","unknown","","","","","","[""SR"", ""VTPR""]","[]","[]",""
"NOAA-4","[]","","","","","unknown","","","","","","[""SR"", ""VTPR""]","[]","[]",""
"NOAA-5","[]","","","","","unknown","","","","","","[""SR"", ""VTPR""]","[]","[]",""
"NOAA-6","[]","","","","","unknown","","","","","","[""AVHRR"", ""HIRS/2"", ""SSU""]","[]","[]",""
"NOAA-7","[]","","","","","unknown","","","","","","[""AVHRR/2"", ""HIRS/2"", ""SSU""]","[]","[]",""
"NOAA-8","[]","","","","","unknown","","","","","","[""AVHRR"", ""HIRS/2"", ""SSU""]","[]","[]",""
"NOAA-9","[]","","","","","unknown","","","","","","[""AVHRR/2"", ""HIRS/2"", ""SSU""]","[]","[]",""
"OceanSat-3A","[]","","","","","operational","","","","","","[""SSTM""]","[]","[]",""
"PCW-1","[]","","","","","unknown","","","","","","[""ISR""]","[]","[]",""
"PCW-2","[]","","","","","unknown","","","","","","[""ISR""]","[]","[]",""
"PREFIRE-1","[]","NASA","USA","2024-05-22","","operational","SSO","525","97.4","95.3","10","[""PREFIRE-TIRS""]","[""PREFIRE-TIRS""]","[""https://science.nasa.gov/mission/prefire/""]","6U CubeSat"
"PREFIRE-2","[]","NASA","USA","2024-05-25","","operational","SSO","525","97.4","95.3","10","[""PREFIRE-TIRS""]","[""PREFIRE-TIRS""]","[""https://science.nasa.gov/mission/prefire/""]","6U CubeSat"
"SatLeo-1","[]","","","","","operational","","","","","","[""SatLeo-TIR""]","[]","[]",""
"SBG-TIR (free-flyer)","[""SBG""]","NASA/ASI","USA/Italy","2029-01-01","","planned","SSO","665","98.1","97.7","","[""SBG-TIR""]","[""SBG-TIR""]","[""https://space.skyrocket.de/doc_sdat/sbg-tir-(free-flyer).htm""]",""
"SCISAT-1","[]","","","","","historical","","","","","","[""ACE-FTS""]","[]","[]",""
"SDGSAT-1","[]","","","","","unknown","","","","","","[""TIR""]","[]","[]",""
"SeaSat","[]","","","","","unknown","","","","","","[""VIRR""]","[]","[]",""
"Sentinel-3A","[]","ESA/Copernicus","EU","2016-02-16","","operational","SSO","814","98.6","100.9","1150","[""SLSTR""]","[""SLSTR"", ""OLCI"", ""SRAL"", ""MWR""]","[""https://space.skyrocket.de/doc_sdat/sentinel-3a.htm""]",""
"Sentinel-3B","[]","ESA/Copernicus","EU","2018-04-25","","operational","SSO","814","98.6","100.9","1150","[""SLSTR""]","[""SLSTR"", ""OLCI"", ""SRAL"", ""MWR""]","[""https://space.skyrocket.de/doc_sdat/sentinel-3b.htm""]",""
"Sentinel-3C","[]","","","","","operational","","","","","","[""SLSTR""]","[]","[]",""
"Sentinel-3D","[]","","","","","planned","","","","","","[""SLSTR""]","[]","[]",""
"SICH-1M","[]","","","","","unknown","","","","","","[""MTVZA-OK (optical)""]","[]","[]",""
"SkyBee-1 (constellr)","[]","","","","","operational","","","","","","[""HiVE""]","[]","[]",""
"SNPP","[]","","","","","operational","","","","","","[""CERES"", ""CrIS"", ""VIIRS""]","[]","[]",""
"Terra","[""EOS-AM-1""]","NASA","USA","1999-12-18","","operational","SSO","705","98.2","99.0","5190","[""ASTER"", ""CERES"", ""MODIS""]","[""MODIS"", ""ASTER"", ""CERES"", ""MOPITT"", ""MISR""]","[""https://space.skyrocket.de/doc_sdat/terra.htm""]",""
"TIMED","[]","","","","","historical","","","","","","[""SABER""]","[]","[]",""
"TIROS-N","[]","","","","","unknown","","","","","","[""AVHRR"", ""HIRS/2"", ""SSU""]","[]","[]",""
"TRISHNA","[]","CNES/ISRO","France/India","2026-01-01","","operational","SSO","761","98.5","100.3","850","[""TRISHNA""]","[""TRISHNA TIR"", ""TRISHNA VNIR""]","[""https://space.skyrocket.de/doc_sdat/trishna.htm""]",""
"TRMM","[]","","","","","unknown","","","","","","[""VIRS""]","[]","[]",""
"UARS","[]","","","","","unknown","","","","","","[""CLAES"", ""HALOE"", ""ISAMS""]","[]","[]",""
"VanZyl-1 (Hydrosat)","[]","","","","","operational","","","","","","[""HYDROSAT""]","[]","[]",""
